{"EVAL_STEPS": 1024, "FINAL_MIOU": 0.10391311347484589, "Total Inference Time": 93.34179830551147, "Mean Inference Time": 0.09115409990772605}