{
  "Mean Inference Time": 0.6329853317954324,
  "Total Inference Time": 6.962838649749756
}