{
    "ENSEMBLE_MIOU": [
        0.8331351280212402,
        0.8331351280212402,
        0.9308294057846069
    ],
    "ENSEMBLE_WEIGHT": [
        [
            0.4,
            0.6
        ],
        [
            0.5,
            0.5
        ],
        [
            0.6,
            0.4
        ]
    ],
    "EVAL_STEPS": 1024,
    "FINAL_MIOU": 0.9081586599349976
}