{"Total Inference Time": 17729.342809677124, "Mean Inference Time": 0.17718003287573078}