{"EVAL_STEPS": 1024, "FINAL_MIOU": 0.906308650970459, "Total Inference Time": 87.91979265213013, "Mean Inference Time": 0.08585917251184583}