{
  "ENSEMBLE_MIOU": [
    0.8331351280212402,
    0.8331351280212402,
    0.9297373294830322
  ],
  "ENSEMBLE_WEIGHT": [
    [
      0.4,
      0.6
    ],
    [
      0.5,
      0.5
    ],
    [
      0.6,
      0.4
    ]
  ],
  "EVAL_STEPS": 1024,
  "FINAL_MIOU": 0.8812426328659058
}