{"Total Inference Time": 1.5052502155303955, "Mean Inference Time": 0.3010500431060791}