{
    "ENSEMBLE_MIOU": [
        0.8497130274772644,
        0.8497130274772644,
        0.9528672099113464
    ],
    "ENSEMBLE_WEIGHT": [
        [
            0.4,
            0.6
        ],
        [
            0.5,
            0.5
        ],
        [
            0.6,
            0.4
        ]
    ],
    "EVAL_STEPS": 1024,
    "FINAL_MIOU": 0.9285993576049805
}