{
    "Mean Inference Time": 0.11664417717959655,
    "Total Inference Time": 11671.882945299149
}