{
    "Mean Inference Time": 0.12380450882725262,
    "Total Inference Time": 12388.374371290207
}