{
    "Mean Inference Time": 1.0062766075134277,
    "Total Inference Time": 5.031383037567139
}