{
  "Mean Inference Time": 0.916885419325395,
  "Total Inference Time": 10.085739612579346
}