{"Total Inference Time": 11.5384521484375, "Mean Inference Time": 1.15384521484375}